0.18024,2.4767,-0.14148,3.7693,-1.1826,1
4.0567,2.3903,6.4274,1.8737,7.1633,1
0.67145,-1.3783,2.211,8.429,6.7423,1
0.73888,1.9735,1.5891,5.4712,5.8107,0
-1.9823,-1.5228,-3.85,2.002,2.9746,0
-4.8013,-1.5053,-0.51644,-5.9737,0.08286,0
9.4064,-2.3752,-7.3359,2.2382,7.8129,0
2.8408,-0.93519,-0.82848,-1.9242,-1.0724,1
-7.0542,5.7931,-0.17974,6.6546,9.2735,1
-0.61375,2.7843,-3.2223,5.6289,2.1221,0
0.41518,-2.7363,-5.5943,1.1002,-2.2709,1
0.079636,-1.1684,3.8793,-5.8372,2.1581,0
1.5809,5.5298,-1.4719,-5.0445,2.0404,1
-12.73,-4.4961,0.66995,-1.3468,-4.6832,1
1.9355,-4.7449,-1.379,-8.3165,-8.9297,0
-0.70196,-1.8958,-7.563,-10.784,-2.2694,1
3.1548,-4.3735,4.5629,3.5163,-0.0002587,1
-0.67475,4.839,0.55525,9.7205,5.5779,1
-4.312,0.16655,5.1718,-9.192,0.47607,0
3.4794,3.4165,7.1205,7.1526,0.30952,1
-3.0338,-5.0675,0.75136,-0.92903,8.9078,1
-5.3666,-0.13908,-0.12915,6.526,5.4725,0
-4.1459,0.26388,8.6626,-0.66988,7.3139,0
-4.2891,9.0546,6.5701,6.3507,10.134,0
-2.8357,1.0782,6.644,1.0434,4.4296,0
-4.982,-2.3248,7.0116,-4.9047,3.053,0
10.427,-3.6001,5.4719,6.898,-4.8804,0
-6.3653,5.6551,1.9027,0.67401,1.5223,0
-0.83563,-3.6035,2.2218,-6.143,4.3115,1
-6.6158,3.8517,-0.90829,13.947,-5.8257,1
0.75822,-7.0141,-2.3577,8.8554,-6.9716,0
-9.6768,0.34061,-10.385,-2.3374,4.4026,0
-3.8223,-3.7188,-11.721,0.84215,2.689,0
-6.5643,0.46434,-2.7384,-2.1587,1.4347,0
0.8364,-3.1657,0.76579,3.3749,0.096833,1
-3.5125,1.5575,4.7579,2.5354,11.335,0
0.97824,3.0415,11.029,-7.6674,3.2031,1
-3.3642,-11.096,-1.8905,-1.6749,10.93,0
7.4706,3.7093,4.218,10.724,-0.26044,0
5.7151,-13.226,-10.086,0.3123,-0.9795,0
0.20664,-2.7242,12.731,6.0624,-0.80214,0
-2.6245,-7.989,1.0925,2.9609,-9.0707,0
4.3343,-1.045,5.5255,-1.5046,-0.59872,1
2.0339,6.5719,7.9818,-4.6648,3.7611,0
4.5907,-10.167,-10.084,8.5513,-1.1218,1
-7.125,-5.5867,0.1575,-0.085263,1.1509,1
4.3963,-10.901,6.9471,2.4545,8.3869,0
0.051591,-0.23706,1.6099,-0.90927,1.2198,1
3.0302,-1.5893,-4.5887,0.60261,-2.1955,0
1.2134,-3.4197,4.7451,-1.4846,-2.3633,0
-1.2685,-3.2817,1.5699,-2.8453,-1.7227,1
-7.0719,-0.34494,-0.32933,-5.1123,-2.4475,0
-3.8416,0.0085332,-2.1947,-7.8145,-1.444,0
-3.2124,-5.3248,-3.3115,-2.4547,-1.7588,0
3.0312,-5.3557,-4.443,0.91424,-1.2121,1
4.4391,-8.438,4.4673,7.5816,-4.7798,0
4.0336,1.1756,7.4813,11.915,6.7236,1
0.78281,9.7117,1.3754,2.6893,5.4486,0
-6.2556,1.9725,1.8178,-4.6845,1.8988,1
-6.9707,-2.331,3.7131,-0.12548,9.9705,1
-3.9575,0.3648,3.8891,8.6365,4.7449,1
0.94928,-5.2082,-6.4115,7.6667,-1.4192,0
1.8759,-2.1286,5.0203,-3.8824,7.9413,1
3.627,1.9963,9.4121,-0.6878,7.9445,0
-0.93089,3.3839,-0.25936,-1.5804,-1.0782,0
0.72952,-3.5715,5.3222,1.3588,8.8709,0
-8.5287,7.1124,5.177,-1.643,3.1305,0
-4.8935,-5.5048,-1.9759,9.9374,-2.7092,1
-3.724,0.73478,-0.5317,-3.9123,0.53802,1
-4.9052,1.503,1.3994,-2.2632,5.73,1
-1.6159,0.42821,-1.1799,-0.42595,1.3532,0
0.52257,10.116,-6.472,3.9027,-4.5381,0
0.29003,-1.9469,9.1471,2.3186,-1.7837,0
-5.3677,-0.91241,-0.85034,-1.4284,4.9302,0
-2.8742,-1.3064,14.35,4.5489,12.228,1
-5.3528,-14.006,-8.9347,1.2755,-11.154,1
-6.6098,-2.2163,10.571,10.858,-4.431,1
0.42401,-4.8266,-9.8371,8.2025,-0.6361,1
-0.1456,-4.0307,-10.085,1.4688,-1.7865,0
0.97266,-3.9538,-2.4849,2.4566,4.1004,0
-0.49456,-2.5963,8.1748,5.9931,6.0955,0
1.5226,-3.9896,-2.4364,-6.0464,-3.089,0
-9.121,-6.587,0.19689,7.0131,5.1538,0
2.727,-1.7282,0.55658,-5.9514,8.1049,0
-3.0545,-1.9047,3.1165,2.0103,2.2023,1
-3.8245,-3.2653,-0.51156,3.2832,-6.7142,0
-5.0475,-1.5188,0.93759,-5.7705,4.6245,1
0.0020746,-3.5731,3.1728,3.778,6.0428,0
4.6346,-14.977,-1.5208,3.9596,3.5543,1
4.2281,-4.0161,5.678,2.7144,10.394,1
-0.40877,-2.2916,-3.6625,3.6284,3.6024,0
-3.5132,-10.983,-6.6557,-1.9672,4.4103,1
-3.2537,-0.90164,2.2258,-2.4764,9.8966,0
-2.6025,2.0489,6.8841,0.97596,-1.8625,0
0.071735,7.1446,-1.5672,4.231,13.398,1
-0.80928,-3.3476,-6.5611,4.1849,-2.2636,1
-2.4941,-3.3057,2.5501,4.0202,1.8626,0
-5.1788,-0.84839,-8.8594,-2.6935,-0.44953,1
-13.14,0.72322,-0.18127,4.6439,2.8031,0
0.2792,-7.2665,-0.75197,5.8835,-1.6399,1
0.04496,-4.8383,8.485,2.7526,3.0893,0
-6.9345,-0.22985,-1.0825,-6.605,1.859,1
6.0831,0.89727,-6.2941,11.211,5.3438,1
0.28746,-1.1241,1.1672,-3.4119,6.2798,0
2.54,3.0983,0.11311,5.2855,2.135,1
-4.1198,-4.527,-3.8404,-4.3427,7.4667,1
1.9814,3.4815,-5.148,0.92654,6.3001,0
3.1611,-12.058,-0.58228,3.5918,-1.7701,0
0.84866,-4.8887,-2.6875,7.7463,-4.6275,1
-4.3084,1.0643,7.9896,-1.325,5.7759,0
2.871,-5.6865,-2.1305,-2.9203,8.7237,1
-3.0252,1.6167,6.9434,3.4889,1.7993,1
-1.1945,-13.31,-0.11563,5.8784,-2.0673,1
2.8956,5.5275,7.4681,4.4389,11.432,1
-0.91932,-4.8789,-3.2614,-1.1776,1.5932,1
-2.8861,-2.4065,2.8791,1.1309,0.99201,0
2.0313,-6.9601,4.183,2.9764,-2.3669,0
2.7098,5.0473,7.1886,8.8992,10.77,1
-1.5627,2.3446,0.46581,0.93615,1.1966,0
-4.0422,-7.5841,-3.0537,-1.9962,-1.1625,0
-5.5956,-0.47177,-2.5817,11.647,4.2291,1
6.4531,7.7818,-2.3408,-10.882,-7.8947,0
-3.5148,-2.2496,2.726,-1.2693,2.1511,1
-6.372,3.7088,-7.9594,-0.96642,0.022389,0
-3.3034,0.22602,2.9253,-2.9441,-5.3298,0
4.2781,-4.5919,1.8013,3.3477,1.247,0
-2.7426,-0.04842,-3.4273,5.202,-2.6922,0
-6.5612,0.098736,6.4236,5.7569,-0.15897,1
-4.0735,3.2904,-7.8632,4.078,0.22253,1
1.0416,0.74603,-5.5129,-7.6488,-5.9836,1
2.0102,-3.8658,0.60532,3.0349,-1.8973,1
-1.1764,4.7408,-1.6385,2.5873,-0.80487,1
1.6591,-1.1232,-1.3595,9.2073,6.0805,1
9.0627,-5.0945,4.9013,5.7887,-0.14961,0
-7.7402,-3.4841,-8.3323,-12.742,-0.17758,0
-1.4237,-3.1478,-3.7384,-3.4164,6.4753,0
3.7572,0.0020577,5.1533,-5.1836,-3.1425,0
5.4331,-5.9623,4.8332,1.3684,5.6177,0
-6.3529,-4.8702,10.005,-0.0019591,1.5005,1
-8.2581,1.8193,2.2774,2.8146,2.3858,1
-1.6753,-1.1959,13.593,3.7727,5.6155,0
-10.306,6.3628,1.5254,-2.9114,12.502,0
5.3853,0.72764,8.6651,13.44,0.59333,0
-1.0636,-4.2974,-4.4292,-0.76468,9.7359,1
4.2731,-4.123,9.1958,3.0725,-8.9996,1
3.6853,0.31118,-11.701,2.1898,-0.85441,1
4.1527,1.0169,0.49345,11.722,-2.6084,0
-9.2161,-1.9676,1.0148,6.6506,-5.4582,1
6.4752,-3.3222,-1.5319,4.652,1.9832,1
-6.7018,-2.2092,-6.2699,-0.024309,-0.046546,0
3.4452,2.7218,-3.3586,-1.0512,4.5367,0
-0.99517,-1.0099,-2.5808,-6.4769,4.0803,1
-0.85712,1.3016,0.5083,0.66786,0.73808,0
-8.6541,-7.6754,0.087278,-2.5848,1.213,1
-6.0448,6.0183,1.3285,5.663,3.4941,1
-2.6576,2.0791,-0.15735,-7.3845,13.145,0
-4.393,-4.2416,-5.1212,3.3806,1.3337,1
-1.1227,-5.8457,5.1352,1.3389,-2.2165,1
-0.024456,-6.3568,-5.7291,-3.5646,9.4736,1
2.7995,-8.7362,-2.1974,10.273,-6.25,0
5.7596,-1.9595,7.1063,1.9248,-3.2227,1
4.2236,-1.0013,4.4306,1.1977,11.161,0
-1.3417,-1.2235,1.9252,2.0032,7.8846,1
-0.55704,-7.5598,-6.3567,2.0918,-3.0247,1
8.0067,3.1911,0.71999,-4.3863,5.1079,0
9.9948,-1.8079,-4.196,4.761,-5.8982,0
0.28892,1.7667,0.48758,4.8115,6.6812,0
-0.047559,8.3193,2.4689,2.2855,4.4095,1
-9.8401,-6.5891,-6.9672,-6.2148,-3.9367,0
-1.3803,5.6864,5.3,2.5152,7.1937,1
-10.28,-0.00025488,-2.8078,-3.3366,-0.46224,1
4.5206,-6.2418,5.7371,4.9631,4.7731,0
-5.5065,1.4788,7.6093,-8.9502,2.651,0
-3.5702,-4.3631,-6.4928,2.3642,2.3507,1
-5.6724,-3.1991,-4.6923,-3.5458,2.9349,0
-5.3097,-3.7734,1.5083,-5.9826,-1.1071,0
-0.78659,1.0015,1.3366,0.2724,-1.0688,0
0.64896,0.29777,1.5277,0.053992,5.1278,1
-2.7767,-2.3096,2.2577,-4.9716,2.5138,0
-9.8536,-0.42997,-3.9406,-1.2525,-0.7469,0
0.81188,1.4576,0.69304,3.009,2.552,0
-6.8889,-1.3304,-1.6374,-8.4044,-9.9005,1
1.3911,0.71399,-1.6742,2.095,-2.3279,1
-1.6419,1.6104,1.7425,-0.32735,4.745,0
3.5609,-0.71667,8.7967,2.5241,2.3023,0
7.1842,-2.92,-2.2141,-0.6877,0.41274,1
0.25757,-2.5912,2.2075,3.9376,3.9819,0
0.65971,-9.0999,0.51142,-0.88657,4.1963,0
4.4607,1.8987,1.1287,-5.1303,3.5592,0
-5.0969,-0.11806,9.3536,3.6203,-0.23078,1
-2.1755,4.0723,2.8794,2.8771,5.4149,0
-5.3995,-6.5335,-3.8946,2.8039,-1.7626,0
-5.4398,1.4416,8.9472,1.8686,3.6524,1
-3.9419,-0.5827,-2.0865,1.9136,-2.8057,0
-4.7435,-3.0574,-0.46279,2.0888,-2.7067,1
-3.2027,6.4571,-10.42,-7.0506,4.1187,0
6.8985,-7.0091,4.5266,1.6648,2.7402,0
-4.3305,-5.2781,4.1404,-3.895,-7.357,1
-0.5345,0.5592,-3.8465,-5.1291,-0.08877,1
4.3391,2.9927,-3.2931,2.6562,-2.232,0
-1.6451,-3.4036,-8.3921,-0.66975,-4.3982,0
-4.6307,-6.4128,-2.1119,1.057,-6.5516,0
1.4817,-0.38572,3.8167,4.0412,3.9123,1
3.1233,-6.6842,-2.6085,6.9797,-2.1044,0
-0.8509,-10.413,-0.69989,-5.4213,3.7551,1
-4.1618,4.1931,-3.9612,-6.1603,0.70898,0
0.48103,-1.2277,11.551,0.37958,4.6126,1
-0.48458,-5.9604,2.4889,0.08549,12.265,0
3.2467,-7.557,2.2996,3.9933,0.40816,0
2.1092,-1.3732,6.3645,2.1622,-2.4539,0
3.0934,2.8423,-4.4682,0.6816,-1.365,1
3.2951,2.3305,-2.8873,-5.3987,5.6514,1
2.586,2.6318,3.9821,10.072,-0.92294,1
0.13058,-6.0425,-2.1872,9.6879,1.1004,1
5.0447,1.7277,2.0987,9.3935,7.1199,1
2.4823,-4.4743,4.3852,1.5384,-2.2707,0
1.8066,-0.67171,-1.4818,7.4951,4.7324,0
-3.6432,-2.7826,-3.1309,2.7699,3.4394,1
-0.11591,-10.08,-2.3443,5.0941,6.4684,1
-9.9809,3.2953,2.1544,-2.2647,5.5185,1
-3.2837,-9.769,0.9174,-5.049,-1.5433,1
-1.4408,8.3152,1.4629,-2.0516,5.5904,1
0.14884,1.2316,5.7211,-7.9216,9.6744,0
-5.8976,2.6383,-5.8113,6.0522,-3.2006,0
6.6675,2.0893,1.399,0.2638,7.2765,1
-3.0492,-2.2873,6.0496,0.63198,-2.3553,0
3.3624,-1.174,3.3297,4.9525,-0.56076,0
0.77979,-5.7127,-0.44981,8.2669,2.1923,0
-1.6886,8.1732,-9.9085,-9.4221,5.6613,1
0.70885,-1.2259,-4.8486,-6.4943,3.0995,1
3.0848,-0.77077,1.9349,6.9253,6.3974,0
-2.7963,-13.242,-3.1041,-0.82173,5.1248,1
8.335,-8.7916,-6.8086,2.2396,0.78772,0
4.2799,-1.4544,6.7966,-7.833,1.0993,0
-0.71274,0.16245,-7.0364,-2.4949,1.7941,0
2.3155,-1.8337,-5.6714,1.9595,0.21556,0
-0.27237,-5.7822,-1.2599,-3.0893,5.0965,1
-1.1356,-0.089683,-7.9186,1.8178,9.9137,0
4.5779,-0.69345,6.6092,1.5212,3.1471,1
-5.6341,-8.0654,-10.219,-6.5366,-0.44675,1
-0.7647,-6.0057,-7.3501,3.1837,4.7421,0
-1.7592,2.123,-9.7596,1.47,1.4366,0
8.9784,0.66828,4.2336,6.9418,0.59907,1
-5.3519,-2.0797,-13.243,-1.4449,-1.6485,0
-0.15644,5.9686,0.36661,-2.4441,0.42533,0
-11.71,-1.5745,-1.9044,-2.7669,2.9244,1
-4.3721,0.1736,-1.6695,7.0245,-1.221,0
-1.3224,-7.2533,0.28531,2.2338,5.3288,1
1.4413,-10.035,-3.3918,-5.3266,4.3658,1
-3.5649,-7.4308,-0.58106,-1.6291,-1.2359,0
-3.7589,-2.9052,5.4115,-4.757,2.1391,0
-1.138,-5.5191,8.6456,0.21301,1.9873,1
4.4897,-10.668,0.15016,1.3136,-4.4529,0
4.1483,-13.728,2.8551,2.0667,-0.52477,1
-3.086,-2.9155,-2.3474,4.8059,3.1607,1
-2.03,1.9855,4.0038,8.9718,2.2537,0
-2.1734,3.193,-6.0793,-0.64959,5.3252,1
-1.7781,-4.4303,-5.1322,-0.72962,3.1218,0
2.1062,-1.756,3.6203,3.6431,1.5808,1
3.4509,11.881,-3.0249,7.3478,7.6699,1
-4.3061,-3.741,-3.4677,-2.317,2.9685,1
2.277,6.0432,6.0016,4.1529,2.4363,0
0.33312,-0.98374,2.6583,8.653,2.3473,1
-2.2017,1.3665,-1.8444,-2.7559,-0.23666,1
6.4059,4.1537,-3.5671,-3.7536,5.9497,0
-2.749,-1.3176,-7.5667,-0.099262,5.4741,0
3.6662,-3.6431,2.1411,3.2044,-2.0393,1
-6.7238,3.7746,1.5325,-0.90493,2.491,1
-3.0427,-1.9692,5.0103,0.32433,5.059,0
-2.9628,-0.024929,-0.57148,-1.2304,2.9102,0
-5.8877,0.96021,-3.7293,1.0468,7.7676,1
-1.4416,2.3359,-0.27963,-6.9175,3.9213,0
-2.1633,-3.9237,-2.4575,0.3671,-4.6046,0
5.1374,0.0041973,9.5109,-1.1726,-0.4225,1
-0.54317,0.95847,-6.4966,-1.8744,2.8996,1
-0.31231,-0.15713,2.9217,4.591,7.2762,0
4.4269,5.3606,2.8047,-2.935,-1.5355,0
3.2216,-2.9376,-4.2685,-2.0777,0.40967,0
3.2133,4.0646,2.6725,3.5746,-3.3187,1
-5.4297,-9.3295,3.5127,5.1992,9.6608,0
-6.1287,4.6012,-0.75223,3.3264,-6.7994,1
6.0238,-6.2928,3.3851,6.1952,1.2339,0
2.3161,7.4266,-5.6892,-3.2229,14.474,0
1.3039,1.4553,-0.2765,-0.21875,10.338,0
1.6291,5.0615,5.4923,-8.226,8.6435,0
13.265,-10.776,4.318,-7.5141,6.8918,0
-0.6616,1.7423,-1.7419,-3.3529,5.2582,0
1.7986,0.73142,1.7614,5.4371,1.1342,0
-2.0001,-4.4383,-2.3187,6.7103,-4.7237,1
0.67131,-8.0996,7.0571,6.2974,3.9985,1
-0.44219,-6.4776,-3.8815,6.9732,-7.373,0
4.9668,-1.4508,2.6469,-1.0094,-1.6627,1
-0.17568,6.2345,9.0539,4.4446,9.958,1
0.31302,-3.7904,2.1202,-2.6269,-6.4489,1
-1.1577,-3.3468,-3.4487,0.11176,3.1016,1
1.7347,-1.1384,-3.0724,0.93926,0.06619,0
0.2596,2.9976,6.4102,1.6049,8.3297,0
-2.4975,3.5193,2.5787,0.90308,4.4319,0
1.856,-2.6691,10.613,1.676,6.9582,0
-3.0585,1.0745,-2.015,-2.0835,8.2341,1
3.8565,-11.367,3.5252,8.5823,-0.5627,0
-6.2799,5.1791,9.2126,-3.2905,4.8506,1
-12.858,4.5857,6.017,6.3417,3.0011,0
-2.7112,0.49411,-2.8452,0.12699,3.0909,0
3.5407,-6.2337,1.0032,-2.7201,-2.594,1
-0.44607,7.9269,-3.6413,-1.4715,-0.84493,1
-1.946,-0.4563,-3.3286,-4.9552,2.3019,0
-3.7691,3.7428,0.099286,0.37598,-2.1151,1
-1.7043,5.9708,-4.1582,-2.3814,-1.1196,1
1.1388,5.1027,-0.51567,-5.4756,-0.69073,0
7.0774,-2.5976,8.0102,0.96958,1.9091,1
-0.43087,4.735,7.5518,-0.42537,4.0572,0
4.6135,-0.88397,6.282,4.6898,3.7465,0
-1.0923,-12.322,-4.3872,-0.61329,-2.8222,0
-1.7305,0.61286,5.3006,1.0069,8.6059,1
-3.2242,-7.9991,2.8519,3.8769,-4.3021,0
-2.8371,2.5485,-3.6382,-1.2959,8.4688,1
-3.8261,-1.1524,-4.6245,4.4345,-3.9334,1
-7.6597,-2.5274,-0.9079,3.1633,4.9952,0
-6.3588,-7.1452,1.2121,0.24755,0.1509,1
1.4583,-10.527,-3.8968,-4.8598,-4.1427,1
-8.1329,-3.3108,-7.8667,-2.9444,4.3601,0
-5.5612,-1.2274,-3.4137,-2.6651,-2.5414,0
-2.3645,-0.59918,8.2777,-2.4006,2.4181,1
-2.4893,-2.1127,0.85498,-0.60026,2.2025,1
-1.0294,-3.5986,3.4906,-1.9283,-1.6518,0
-4.5928,1.6475,-6.7473,1.8315,-3.3721,0
4.6093,5.8027,-6.8885,-0.31747,4.9063,1
-0.1271,-9.6997,-0.6985,3.422,-3.414,0
-0.56157,-7.7706,6.0865,3.5951,-4.6902,0
0.42449,-0.89133,2.4785,-7.0795,4.1333,0
5.2236,-5.0893,6.4093,6.7324,-0.34262,1
-6.162,2.7159,-1.6618,2.435,-0.17521,0
1.3717,2.4139,0.046071,6.8845,-0.012203,0
-9.0911,-7.4091,-1.9322,-1.4946,4.7327,1
1.33,2.0321,-8.4984,8.8003,1.2638,0
-8.4434,-1.8683,-6.7054,3.809,-3.6509,0
3.2102,-1.4154,-8.1508,-5.4136,1.0665,1
0.62128,-3.265,0.91862,-0.74046,5.9298,1
-5.353,-3.9784,3.5998,3.2252,11.631,0
0.67004,-4.5562,5.5918,-0.10047,-3.6096,1
1.6006,4.4885,-1.6046,3.3185,4.1254,1
5.1193,-5.4647,-9.5832,5.7998,0.10991,0
-0.72934,2.2697,6.2222,-1.4652,-0.16155,0
-8.6489,1.1819,-8.4972,-0.12283,3.3351,1
-3.5682,2.8169,5.7208,4.0287,-5.2176,0
0.31466,-7.9564,6.9358,3.0239,4.7855,0
-0.47081,3.6686,1.5071,-1.1267,7.2162,1
3.0412,-3.3163,8.1354,11.311,2.1273,0
-3.2298,0.85051,5.425,8.3892,10.092,0
-7.799,-1.2769,-3.3164,0.12323,-0.32492,0
-4.5234,-0.38835,-2.5603,0.77982,1.3156,0
0.6778,5.6338,7.9355,9.0967,10.002,1
-4.4003,1.9152,4.9489,-3.1057,0.0097381,0
-1.391,-0.816,-1.384,-3.5248,-0.078495,1
-1.8767,-1.8382,1.9876,7.0825,7.2468,0
-8.3951,-3.8057,-10.341,2.2572,-4.1015,0
-2.1634,7.1402,8.3148,8.0019,1.3749,1
0.97663,-1.9277,4.1422,1.714,3.0656,0
-4.6603,0.6627,1.0026,-4.3723,3.3161,0
3.736,-2.2774,-12.444,7.1109,2.2544,1
1.5836,-2.2106,-5.3722,-2.6321,6.4154,0
1.2614,6.7507,8.8813,5.3803,9.4442,1
3.0097,1.6176,11.853,-0.31282,-2.837,0
-8.3133,-1.2569,-8.1012,-6.6639,1.9471,1
5.4813,-7.6913,0.69407,2.4149,-3.3874,0
-4.4798,-2.1349,-5.8085,-1.5154,-7.0025,0
-5.2016,4.7171,4.1684,0.29504,14.019,0
-9.5634,-2.2952,-3.1077,-5.7805,0.33445,1
8.7863,2.1396,0.6322,-0.28168,-1.8721,0
-5.0698,-4.0606,5.5508,0.62761,-3.1872,1
-0.84847,-6.2635,7.916,1.0159,4.4432,0
-1.0888,-1.2308,-10.748,-3.093,4.1151,0
1.9012,2.2986,-7.163,1.9687,3.5401,0
-0.79164,-4.3945,4.1641,1.5781,6.1976,1
3.2086,0.48025,-4.7119,5.1134,0.53622,1
-4.3129,-5.4381,-1.6907,-3.5355,4.0755,1
-5.4753,-5.4145,2.5966,-4.6434,6.3116,0
-0.30231,-7.1089,-2.1542,7.5315,4.8574,0
0.093469,-3.0876,-3.2739,3.6043,-8.4684,1
-7.4891,-6.5253,-3.432,1.1256,0.92479,0
-2.6319,-0.41847,-2.8657,2.6844,1.4153,0
-2.7122,-10.067,4.9139,8.4361,-2.3379,1
-9.1026,6.6589,-7.2593,0.23701,1.1312,0
8.8217,0.83604,15.19,6.6968,0.7589,0
-2.3199,4.6615,-1.6151,0.24936,5.0811,0
2.7426,1.3932,0.95683,1.4797,-2.8783,1
-5.6225,-10.162,0.6272,0.56099,-1.411,0
1.0764,-2.9575,0.31763,8.8805,-0.35103,1
-1.9066,-3.6752,-5.2471,3.1032,-3.0704,0
3.12,-0.21778,7.0287,11.409,4.1692,0
-6.2925,3.5536,1.8432,0.94517,6.6536,0
1.8884,-5.5304,1.7794,-0.00062446,-1.6122,0
1.6224,-6.9125,-9.09,-5.147,-2.4677,0
-0.72452,-9.5181,1.4151,5.3622,4.3831,1
-1.0347,-3.2712,-0.83585,5.8914,-3.1768,0
-2.361,-5.0125,4.6897,-5.7086,0.083372,1
-10.29,-5.1824,-4.8026,-0.49233,9.4279,1
-4.3179,-3.9577,1.149,4.153,0.58733,1
-3.2963,0.10157,3.3825,-3.5076,7.054,0
-3.516,0.72751,-2.9208,-6.2039,4.6437,0
5.9091,-2.2124,2.6157,2.8763,3.5114,0
-2.9523,1.2963,-2.4267,1.6383,-6.7801,0
-4.5319,4.5383,4.6283,0.13578,-0.59408,0
-0.77063,-0.29702,6.8917,-0.89419,-3.2352,1
-0.24936,-4.8464,4.3658,6.3119,-8.0459,1
-5.2764,-7.2559,6.5687,1.4854,5.5104,1
1.9986,-4.8089,-2.757,5.5227,9.304,1
-2.2305,-4.3788,-5.0109,5.2505,4.927,1
3.7152,-8.2926,-8.492,0.44851,-4.5105,1
4.6504,-0.59864,7.2606,7.5914,-6.4234,0
-1.8377,-1.7292,0.22994,7.4357,6.8022,1
-8.2427,3.9472,-4.9561,-0.85573,0.32674,1
1.633,0.63288,1.5775,7.1343,-0.68569,0
-3.0951,2.1562,0.72436,4.0239,-4.4188,1
-2.3212,-4.8855,5.1478,3.4432,4.571,0
-2.9003,-1.999,-9.9465,-2.0035,3.7026,1
-6.5279,-6.7633,-2.0806,-9.1269,1.3156,1
-3.4975,-9.2819,1.919,-4.6866,6.5135,1
3.7675,-0.60836,-2.6252,9.6552,-5.4021,1
-7.0111,3.2408,-2.823,-4.502,-0.36633,1
-3.1152,2.3469,6.3893,1.454,6.532,0
4.1642,-4.2579,-4.2066,2.6044,2.5476,1
4.555,-7.0518,-3.4428,5.3847,11.021,1
1.1959,-5.4287,0.34769,3.6655,1.2583,1
0.15325,-3.4952,1.5567,-1.4823,-4.6419,1
6.8545,-6.9938,-1.6878,-0.2887,1.1737,0
-4.1544,-4.9241,1.2319,-1.8835,7.5945,0
-4.0401,-9.009,0.22725,-2.3622,-1.3652,1
3.9171,8.4815,3.2075,3.6671,8.0637,0
-5.2464,-2.9481,-9.7302,-2.3923,-2.188,1
0.67393,5.8889,-4.3244,4.8567,1.0222,1
4.213,-2.8525,6.8327,-0.42495,-0.61604,0
-0.83308,3.678,-0.58586,4.1745,7.3084,1
-4.5324,-8.305,-9.444,10.152,1.552,1
0.9982,2.1624,-8.0439,-5.2746,-2.9798,0
1.2591,-2.012,-1.5961,1.767,-2.4249,1
-3.7156,1.3904,0.71912,1.3387,-4.2629,1
0.85068,2.2218,-2.9789,3.1867,2.9772,0
-5.5855,-0.74041,-1.6215,4.4688,1.5099,0
0.51774,-6.7498,-3.3464,-1.1137,6.5244,0
-0.75576,3.4589,1.7906,-3.6987,4.2421,1
-4.2519,-0.077432,0.052313,-12.452,1.8773,1
-6.0144,-0.044973,12.407,-1.2947,1.9927,0
-3.2958,-6.4233,8.8976,-4.7835,12.096,1
-6.6397,2.8138,1.0903,8.326,-1.105,0
0.38131,3.061,9.8561,-1.168,2.8168,1
2.9752,-9.6555,-4.3989,4.3673,2.1478,0
0.99866,-3.5068,0.57514,-4.2997,1.2925,1
-7.8943,-3.6529,4.2633,2.5646,-5.9847,0
0.69673,1.9171,7.4788,4.9318,12.752,0
-3.8351,-4.2413,-6.5566,4.9414,-0.22514,1
-3.2638,-4.9728,-3.363,4.0008,4.4078,1
2.0403,-0.41524,4.0709,6.8567,1.3943,0
-6.311,1.5031,10.372,11.793,-0.67429,0
7.356,-1.0881,-1.4004,0.071771,-3.3809,1
0.78586,-9.3165,-1.3377,9.7864,-0.27648,1
0.045109,-4.7455,7.62,-3.2413,-9.5063,1
-0.58228,1.8591,7.3966,-2.3148,6.3933,1
1.4692,-3.6098,-0.3745,-1.0497,1.6224,1
-5.8911,-9.0193,-3.7186,-8.2021,-10.107,0
1.2541,-6.0814,-6.2451,-5.8298,-0.11796,0
1.5631,-9.0379,-3.2822,6.2216,3.03,1
-1.3022,-4.9595,1.2063,8.9027,2.6296,1
6.8593,-5.7054,-3.5832,1.2915,-2.0353,1
1.9622,-0.98017,1.5238,-0.73253,3.1054,1
4.9678,-5.3125,-9.8523,2.3521,5.1699,1
-0.19092,-4.2752,0.24823,-0.59368,-0.42592,0
-1.4929,-8.0006,-7.7924,-5.387,-4.0454,1
1.1505,2.995,-1.9662,4.606,7.4693,1
-3.325,-12.503,-17.422,-4.1372,-6.2888,0
0.16872,-2.5877,3.2689,2.7742,-7.2872,0
0.0049091,0.79314,-0.022079,-2.4018,5.2187,0
-3.1791,7.6735,-7.1737,6.1635,-5.8788,1
-0.053901,9.0149,-3.6122,4.3784,-6.0078,0
3.2781,-10.372,-1.2444,-0.29026,-0.93601,1
9.0688,1.4114,7.5647,-2.0862,7.7399,1
-2.3234,5.865,1.7129,3.7225,0.14175,1
-3.2903,-1.8562,6.2891,4.5153,3.7665,1
-0.55494,-6.0691,1.1404,-6.3097,6.0546,0
-4.6444,2.1677,8.5985,6.1465,-4.0343,0
-4.0466,-2.021,0.33492,1.3687,-0.26,1
4.0332,-2.7134,1.0175,4.9533,6.0613,0
-1.72,3.6987,0.53164,2.5601,5.9543,0
-2.5685,-4.6443,2.2265,2.1802,5.3677,0
-1.4525,-0.12853,-3.3138,4.3739,-5.6769,0
-2.0618,-2.393,-2.3259,1.9148,-1.4036,0
0.022879,-4.319,-4.6981,-3.1697,7.4948,0
2.5423,-3.6552,0.29089,0.21433,2.4477,0
3.3461,-7.5167,3.8839,-1.4409,0.75432,1
4.6304,-12.862,1.4581,-0.56149,-6.8232,1
-3.5983,1.0813,-4.3247,-3.1132,-2.8861,1
2.1858,-3.6133,-1.1731,4.6968,-1.3998,0
-1.2628,-7.8795,-1.1832,-4.5186,0.58605,0
0.27331,-2.1815,-2.8627,4.2523,-7.094,0
-3.2831,-5.9697,-7.2719,-1.7167,0.44904,1
-2.1543,-1.9315,-1.3423,0.52246,-2.3867,1
2.3027,-2.0312,-2.0156,11.437,-1.7732,0
3.9456,-1.3379,-6.5949,6.2021,-5.1201,1
1.4651,-1.824,-3.9333,-1.8873,2.5691,0
4.1618,-1.6298,4.1838,1.017,0.45728,0
2.8978,-7.9148,2.6447,3.1844,4.7808,0
5.2897,4.8602,6.6311,-7.4047,5.6689,1
-0.015911,-6.5692,-3.7727,2.4318,-1.5566,0
5.1903,-11.143,0.21627,0.57479,2.7774,1
-10.808,-3.001,-9.8658,-2.4136,3.7422,1
-6.761,-2.8937,-3.6043,9.4989,-1.4777,1
3.2732,-0.44433,-5.0847,-1.68,9.3784,0
5.6868,-1.7008,2.1001,-5.0722,9.2795,0
0.47352,-4.3212,2.9354,-0.81308,1.0453,0
4.3863,-9.0022,-5.1112,-1.705,2.1985,0
-0.8491,0.71591,-3.2159,-7.7644,5.7476,1
2.6012,-4.7856,6.0733,6.5551,-2.0694,0
-4.982,-1.1193,6.7035,-6.7348,0.3722,0
-6.8414,-6.9472,-8.5646,-11.287,2.4238,1
3.0057,9.0524,-2.2709,2.3475,1.5432,1
-3.9369,-8.3828,-2.9889,-0.41147,3.6304,1
-0.95525,-11.519,1.0485,-3.4332,3.0767,1
-5.6161,9.3467,-9.2149,3.6019,0.0247,1
-7.534,-3.7324,0.59545,6.7452,-1.5211,1
5.8417,-3.6755,3.2483,4.2362,-1.3944,1
-8.4402,0.57836,4.8353,-0.76888,3.2379,1
0.087389,-10.492,-8.5967,-2.4886,7.3786,1
-0.29256,2.2428,3.7018,1.347,3.229,1
-2.2887,5.5755,1.3638,2.6537,2.07,1
0.045125,-1.2563,3.3818,-3.4938,-2.7502,0
-1.8969,2.1892,-2.4124,-2.3793,4.3473,0
0.71954,-1.3727,7.7866,-0.28642,4.3386,0
0.70273,0.04587,0.74422,13.57,2.5713,0
0.68387,3.9564,-6.692,3.5311,-0.56753,0
5.7694,2.0489,-0.084626,-1.55,-1.2971,0
-0.72295,-10.422,-9.8801,-4.1108,3.2189,0
-5.7883,-12.48,-6.7954,-2.4274,-3.6546,1
0.64785,-11.421,-0.23491,0.52211,6.3891,0
-2.0848,2.459,-4.9015,-2.882,-5.0902,1
0.63242,1.9595,-0.25401,-3.3473,7.4791,0
5.2781,-3.2167,-6.1667,4.4715,-2.1014,0
1.4547,1.0505,4.0069,2.9017,2.171,0
-0.6525,0.6289,3.6489,5.5704,-6.8288,1
-0.20881,-5.5982,3.0427,5.8319,-3.0013,0
1.689,-3.9338,3.4322,4.8004,7.4193,1
-0.26201,0.01955,-0.45646,2.3359,6.6253,0
0.24856,-0.26543,-1.5579,2.2627,1.8185,1
-5.7701,0.046294,1.3201,-4.2534,-7.36,0
-4.1476,-1.9091,0.20038,-2.2824,10.39,0
-6.3826,2.6934,-3.4618,-0.63618,-4.7589,0
-2.4462,-1.4108,1.0936,-2.0978,-0.43402,0
5.5212,-8.8501,2.6959,5.7607,0.74553,0
-6.9209,5.8402,-4.3745,3.9654,0.54742,1
4.0697,-0.14298,-4.3922,2.7146,3.0038,0
1.6714,4.1013,-6.0201,-3.9148,0.88666,0
-0.75222,-0.21538,-4.4284,0.76148,-1.1817,0
-3.7086,-4.2041,4.8548,2.1883,0.81516,0
-1.7956,1.5326,-2.8443,-2.4862,-2.0169,1
-0.26276,-3.7914,-4.6211,2.0833,5.6599,1
-4.975,-5.0021,-8.2749,-4.4731,7.5786,0
-0.53802,1.5362,0.28545,3.2887,8.7014,1
6.8635,-4.1748,0.77262,-0.94071,12.829,0
8.3094,-5.6039,-5.3556,-3.2866,-4.6781,0
-4.0804,-6.2667,-5.3188,3.1395,1.7252,1
-4.414,-3.2986,0.88424,-3.318,4.705,0
-1.8292,-6.1946,-2.3695,0.18018,-10.447,0
2.8456,0.57374,4.7404,8.1638,10.462,1
2.8961,-8.2481,8.7392,6.2385,1.3766,1
-0.033393,-5.3239,1.8685,-10.682,1.459,0
-4.58,-4.4967,-0.3365,-2.9518,6.3275,0
0.15948,-3.1576,2.2442,5.1614,-1.5422,1
6.4815,-5.7252,0.0043156,12.996,8.8791,1
-4.0788,2.0293,3.6786,0.65115,-0.72609,1
0.83506,1.6504,-9.9489,4.5269,16.184,0
6.7864,-2.8801,2.413,5.6749,-3.8871,0
-3.5253,6.318,0.98306,7.2056,9.9348,0
-6.4831,5.8703,2.7977,5.8998,0.78157,1
3.6345,3.8141,2.1469,7.4329,6.0746,1
2.9167,-5.3662,3.2197,1.4205,1.9137,1
3.7277,-1.1377,9.3632,1.9766,0.41111,1
-5.6654,7.3144,-3.7107,-8.2688,-2.0562,1
3.8465,-3.6388,-1.7294,1.6734,3.8059,0
2.423,6.4273,5.2466,0.089204,2.2956,1
3.7354,0.27566,2.8747,7.9016,-2.0735,1
1.9933,-6.1646,2.0744,6.9769,0.73097,0
2.1364,-2.0321,4.6449,0.35258,5.5515,0
3.7577,-9.002,0.96905,3.9925,-2.7008,0
-6.199,-4.9804,2.182,3.347,3.113,0
-1.0739,-0.066467,4.6981,10.419,6.8552,0
-3.5244,-8.2016,5.0586,6.5545,3.0254,0
4.527,1.2161,2.4991,-2.5378,7.3917,1
-4.7147,2.7875,6.4588,-5.3222,0.039661,1
-7.4567,-0.3494,2.3017,4.0196,3.0804,1
-4.6737,2.9591,-7.9457,0.26501,6.2714,1
3.585,-4.2808,-4.3407,2.7272,6.1503,0
0.24577,2.81,0.58948,0.83684,-2.0928,1
-1.9327,-0.81504,-2.6082,9.3646,-1.3703,0
-2.1735,-5.3203,1.7635,-11.084,5.025,0
12.406,-0.52294,0.029881,2.0643,4.1121,0
-0.057844,1.2439,8.8028,6.8889,3.0443,0
10.85,1.9268,2.8377,1.4987,2.0801,1
-1.0025,2.3361,4.6204,0.93375,4.7716,1
-4.7235,-2.7573,1.3423,12.35,11.838,0
-2.1861,4.6565,-6.3832,-1.5964,3.8219,1
-0.0032429,11.011,2.3725,-2.6055,5.2625,0
6.4748,-2.3672,-3.6382,1.0637,-0.9615,1
0.21525,6.3298,5.0272,4.24,9.7392,1
0.53788,-1.998,5.8214,1.6109,2.7829,0
5.3893,-6.2072,5.7519,0.7157,6.9468,0
-3.5534,0.5175,-11.427,-6.2081,0.15736,1
-3.9225,-0.1973,2.3306,-8.6359,3.816,0
-1.2787,2.3162,-3.7133,-7.4404,8.4255,0
9.6922,-8.2697,-3.2181,-0.29273,3.5933,1
0.78389,5.4307,-3.3218,3.4131,-0.49345,1
-10.49,-3.1628,4.8963,2.1129,1.1039,1
3.5772,11.944,-1.9536,9.1508,6.399,0
0.73682,-2.0784,8.6445,15.829,1.41,0
-4.4589,1.6827,-0.83847,-0.20124,7.8668,1
-0.75726,-3.9027,-0.85042,0.6839,-2.4926,1
-6.9715,-1.8321,-1.3149,-5.8686,-1.1498,1
-2.0879,1.3594,8.6235,2.1546,1.676,1
1.2194,0.87063,8.1768,1.8411,6.7507,0
-3.5289,-12.811,-0.13956,4.5665,-2.0551,1
-0.50267,-2.1883,9.212,-7.0499,1.6662,1
-9.418,-2.8655,1.8477,-4.5905,8.7254,0
6.1963,-5.1474,-5.5551,-6.2219,2.8334,0
0.4241,4.4194,12.652,6.8155,-3.3015,0
-3.7726,0.53577,5.0875,3.0566,1.0198,1
-6.666,-4.9651,3.2479,-9.7713,6.9835,1
4.5455,-9.1082,-3.3175,5.6723,-1.8219,0
1.4159,4.2303,2.6689,8.2979,2.3777,0
-0.64217,5.9465,1.0275,1.4985,2.2826,0
1.4881,4.6991,9.9932,3.7158,1.3496,0
8.1961,4.5965,2.5275,8.0698,1.7531,1
-7.7211,-4.7065,2.9573,0.11903,-1.2794,1
1.5927,-6.1728,4.5385,-1.0825,-3.7585,0
1.5573,3.8799,4.8332,1.4597,-0.77465,1
2.2306,4.0174,10.231,5.5321,5.2777,1
2.5024,-4.9224,8.5163,-1.358,2.0316,1
-0.55696,-6.6835,-0.64208,3.7055,4.2224,1
7.2888,-1.1693,1.4291,-1.7919,2.6617,0
1.1746,-7.5184,-5.2374,0.9815,-6.3279,1
-2.8388,1.0272,12.618,4.3709,3.8499,0
0.85541,-3.3289,-1.5594,1.282,-2.0498,0
2.1469,-11.962,-1.0712,1.2245,-1.5648,1
0.28387,-2.8662,-2.1708,-2.8518,-4.1389,1
-3.1955,-3.2445,0.34851,3.7902,5.5077,1
-1.5667,-3.8901,8.8636,4.6828,7.4369,0
1.388,-5.8694,-3.6418,4.8212,0.24698,0
-0.91522,-1.4006,-5.0778,1.3384,-6.733,1
-2.1324,0.92522,7.1599,4.8114,4.3704,0
4.4251,-6.0607,3.3426,5.5357,8.538,0
-11.881,-2.4912,-3.36,-7.2412,6.3133,1
-9.0888,-5.687,-9.2153,-0.24324,1.4739,1
-0.17432,-3.8525,1.5836,-6.1481,-2.3,1
-4.8311,-6.5302,-10.145,3.0788,-1.3075,1
-3.2716,-3.6567,-11.419,-1.9086,2.2586,1
-2.4961,-0.46475,-1.9136,5.3734,-0.38249,1
-8.4954,15.062,-0.96372,3.7851,7.3888,0
-1.9595,-1.4668,4.2746,-4.3355,10.708,0
-1.4158,-1.6668,0.34887,4.2983,2.3912,0
-1.1775,-4.6848,-5.6399,-0.7906,-0.79491,1
-0.76352,-1.8375,7.5937,-3.066,8.7702,0
10.103,-7.1093,-8.7971,0.60662,5.542,1
-5.9192,14.45,-6.8948,-2.1336,-2.4375,0
-6.0649,-1.4971,1.7871,2.4042,-0.82162,1
-1.2903,-3.1063,-6.2946,2.8929,3.961,0
2.9703,-0.70509,-1.2881,-3.7273,9.9147,1
-3.7408,3.3989,-6.8522,1.8827,7.1054,0
-5.1402,1.5098,-3.3003,5.3963,13.5,1
-5.4127,0.19372,2.5887,-2.8677,5.1324,0
0.26135,-2.1006,-2.7797,5.2147,1.1124,0
-1.016,-6.5707,-4.3357,-2.2963,10.795,1
-5.7523,-8.7818,-5.0136,-9.9891,0.33579,1
3.4881,-3.684,1.0356,3.0216,0.55408,1
-3.8176,-5.1964,-3.6822,-8.8101,4.7742,1
-6.0838,-5.5389,-1.3267,-8.8146,-0.085341,1
3.8567,0.93415,-8.0947,5.4521,-6.9851,0
-6.2829,-0.085193,-8.411,1.4913,7.6474,1
-3.9419,-5.3239,2.6508,3.6277,-3.7875,0
0.60979,-8.6291,-4.8268,-1.4825,-6.6085,0
5.9281,-1.028,-12.571,-2.2003,4.3422,0
-0.32207,2.4008,5.2529,-1.1423,1.9982,1
-0.45131,-2.8138,8.5212,-10.816,0.33263,0
-7.7873,0.32208,-2.2445,-9.9561,-1.439,0
-3.6113,-3.969,-4.4655,7.4223,-1.7444,0
-4.2874,1.5907,-4.2044,2.7067,7.0463,1
5.4309,6.7414,4.6575,0.78223,-0.42454,0
-0.45997,1.2975,-1.7396,4.5827,3.2653,1
-3.4587,-6.0405,-0.86831,1.1452,8.4194,1
0.27392,-1.1578,0.067794,-2.8555,5.7965,0
2.444,0.52015,1.4658,-2.0171,4.5952,0
-8.2989,-7.2251,0.51877,0.39495,2.2652,1
-5.7656,-2.5521,-12.493,-6.6547,-2.5371,0
-4.6741,-2.3342,-5.9393,-7.691,1.3831,0
2.0841,3.7968,-0.068215,-2.9163,-3.9238,0
-3.254,-1.2405,4.216,0.53649,1.4114,0
2.6124,0.30546,0.070531,-4.7439,-10.16,1
-1.2849,-1.2086,2.1912,5.9939,1.2579,1
-2.5542,-6.1752,-9.4456,-7.9993,-0.75448,0
-6.3433,0.86144,0.50839,5.8714,2.5967,1
-0.43824,-5.9336,5.2094,-7.8584,-2.318,0
-0.73157,1.1964,2.2208,-1.2865,0.43574,0
5.5827,0.30714,6.7008,-2.2216,-3.2312,0
-0.092833,-1.529,-6.4474,-6.5672,7.7578,0
-4.7759,-4.5966,1.3758,0.95051,5.3533,1
2.1408,3.0134,5.0384,-6.4004,6.9268,1
-5.4756,1.8966,3.2026,-5.2488,10.57,0
0.77179,0.94578,-5.8094,-4.5839,-0.39165,1
-8.3306,-10.653,-6.8101,-3.9452,-2.2774,0
-7.4286,2.1248,-3.6351,-9.3034,0.89916,1
-4.5132,-2.2554,-2.345,-3.6893,-5.9089,0
-0.21638,1.522,8.2444,-5.501,10.387,0
-9.9454,-4.8687,-5.8146,3.0436,-1.4452,0
-5.4927,-9.2183,2.7328,-3.1261,10.95,0
0.4828,-4.4853,-2.1189,-11.278,2.4488,0
1.0385,-2.4048,6.5979,-1.8921,0.19379,0
3.7399,8.0541,-1.1899,18.393,7.0794,0
-3.9362,-12.395,4.2339,2.8986,2.3589,0
-1.4151,-3.872,0.32148,3.1455,5.102,0
5.1952,4.3425,12.396,4.337,-1.35,1
4.8099,-0.25157,-4.6329,-2.0713,-8.9249,1
0.79496,-4.4762,-9.687,7.8247,-8.1218,0
2.1484,-8.4399,3.9625,3.2669,-2.9952,1
1.1396,-3.5118,-2.1195,3.2763,3.3801,0
0.52265,-4.5434,-5.7769,-4.9521,3.1395,1
7.9726,2.6818,-4.5072,2.7195,0.2763,0
-3.111,-1.5759,2.7988,-4.5319,8.4274,1
-1.7838,-1.7371,1.6877,-4.697,0.29614,0
-1.2566,-3.2419,-0.1346,-3.4995,1.9564,0
-11.365,-1.5611,-5.7314,1.4678,-5.1941,0
-3.8413,1.4171,-4.0694,4.2034,4.67,0
1.6649,-0.90497,1.7312,-1.529,-5.5164,1
-3.1069,1.3412,2.5869,-0.60242,3.3578,0
0.70974,4.0379,-3.0037,3.4563,-4.7974,0
5.3688,-6.0626,-3.1947,-2.1837,-1.5075,0
-2.7702,2.7649,3.4389,-6.9191,-7.4932,0
-1.5621,-4.6212,7.2387,-0.85367,7.8669,1
5.3978,-3.7558,1.1524,-6.5391,10.89,1
3.5973,-12.442,-5.2321,-4.2066,3.582,1
-2.9987,-1.2949,1.9651,2.3222,-1.8254,1
-4.5172,-1.8829,-2.066,-4.7891,-1.124,0
-1.0135,-6.8048,2.7711,5.4163,2.1257,0
1.4094,3.9122,1.0852,6.7217,10.345,1
2.6741,5.2273,4.8166,1.0756,11.403,0
-0.30817,6.5739,3.0369,-6.4491,7.0131,0
1.0479,-3.7757,-6.9567,0.052979,5.9662,1
-2.4725,3.7218,-1.6239,2.2646,12.34,1
-7.7165,-0.51532,-0.80301,-1.2503,-2.8096,1
-2.151,2.5592,-7.2061,-2.4424,7.0812,0
1.3341,3.1955,4.503,-6.6822,1.23,0
-1.5988,-9.1497,-0.82278,4.3235,2.9006,0
-5.418,-2.5818,-1.0256,1.5241,10.404,0
4.2095,-0.39955,3.6842,1.7905,-1.8177,1
-1.6646,9.2938,-4.9647,-3.4169,8.5691,1
-1.9545,0.43763,2.7315,-1.2725,-0.54176,0
0.99508,7.7158,-2.0676,3.9819,6.2627,1
4.1254,-0.39834,-1.0105,3.4914,1.4517,0
1.0049,1.4223,0.62121,5.0213,10.61,0
-5.7021,0.90785,-4.953,4.1206,3.1169,0
-6.6606,0.85588,-4.8179,2.1363,1.151,0
-2.3779,-3.7391,-12.409,-1.5159,3.0346,1
2.0578,-8.1659,1.122,3.1859,-4.6797,1
-5.5614,1.1208,1.5373,-4.3723,-0.37056,0
-0.091605,-9.312,0.80544,0.021328,-3.3466,0
-3.0819,-0.35996,-4.6902,4.8814,-0.19696,1
3.2168,-12.945,-10.126,-3.9858,-0.070415,0
-1.2967,-3.5536,5.9249,2.2893,3.2392,0
-2.8487,-4.2046,6.4834,-14.761,1.3471,0
6.8892,-12.63,2.5375,3.3641,1.3314,1
0.65499,-7.7571,1.8132,2.0698,-0.005662,1
-3.0936,0.67923,2.6614,-1.4483,2.0158,1
-3.3286,5.6696,11.842,2.1037,5.2727,1
0.36978,3.98,1.8457,8.622,-1.1826,0
-3.5329,-1.1355,4.3917,-7.2512,-2.7825,0
-8.2693,-5.9077,-1.9798,-1.361,-2.4294,1
-6.1927,-0.84946,-4.3735,-4.1467,1.8702,1
5.2417,-0.58785,-1.1829,5.2484,-1.6882,1
0.31722,-7.5329,-7.4499,-3.4918,-0.63339,1
-4.5519,1.958,4.149,5.3274,2.9096,1
-1.2782,-4.2349,0.95004,-0.33293,-0.058449,1
1.8352,-2.3312,-0.49856,-0.99337,-6.2297,1
0.77395,-0.39879,1.2084,-3.0377,4.5502,1
-1.1029,5.3884,-1.7713,10.714,-1.8469,0
-5.0203,0.26249,11.88,2.6359,9.1136,0
-4.1906,-0.26182,1.3593,5.1941,3.7584,1
-2.2807,-10.302,-0.93283,1.0478,-3.2806,1
-3.4958,-6.6819,5.0456,-0.15744,8.7768,1
-8.6671,-0.48345,-6.6708,-1.7116,0.43836,0
1.9903,5.4133,-0.7372,-4.2308,2.8918,1
8.0462,-2.7325,1.0639,-2.7423,-0.43365,0
-6.7661,-1.6826,0.45944,-8.1663,3.1893,1
3.6313,-6.4969,3.8482,4.2757,2.7604,1
3.8535,-4.1658,-4.7209,-2.4193,6.4361,0
2.6419,4.3287,5.3244,2.915,9.3095,0
-5.4098,-0.90148,2.4254,-0.72632,-3.3435,0
-0.33563,1.0622,-1.8199,-3.0192,3.3533,1
0.3598,3.7135,1.2579,10.41,-1.7027,0
-2.0457,-0.42935,3.4305,-1.4585,3.4288,1
-4.5092,-0.16028,-1.7408,1.8866,1.0164,0
1.8258,-2.8893,-7.9262,3.0965,0.50718,1
4.0897,-6.5544,-0.68998,1.7975,7.2435,0
2.3752,-1.9604,11.02,2.7434,0.46099,1
2.724,7.0119,8.9979,-3.5897,6.2663,0
-2.3739,-1.9587,5.6722,2.0668,7.373,0
-0.58543,-9.8571,0.86602,2.5361,8.0719,0
-6.3015,-0.14804,-2.4979,-7.0854,-2.7804,0
5.0815,-3.4663,1.7471,8.1388,1.279,1
2.6407,-2.9095,-9.8894,-5.9712,9.4551,1
-1.6814,-2.4436,-6.5767,-4.7736,9.5859,1
-1.0505,-4.7441,-0.18487,2.0188,3.7713,1
-3.1853,-7.7385,3.6545,2.1851,-1.8544,0
-0.3888,2.6255,-4.3499,6.1435,9.0666,1
-2.0594,-3.0288,1.6262,-4.086,2.8404,0
3.7988,-0.99656,7.0211,2.9925,0.34946,0
1.833,-3.1725,-6.7037,-8.6354,4.1475,0
0.31594,2.4768,-2.1013,1.0882,2.8808,0
-2.5355,0.45683,-7.4421,0.098845,1.4982,1
-5.5877,1.6314,4.4902,-3.832,-1.0177,0
-1.1362,-7.5295,-4.4421,0.59469,11.149,0
4.2836,-3.8887,9.5558,5.4055,5.9729,0
0.82683,-10.924,-5.5382,-6.6072,4.6064,1
-1.5653,0.71405,-1.4889,6.7675,6.7629,1
3.4713,-4.449,-2.3932,-9.5161,1.9922,0
-2.5447,-1.4319,3.5808,1.0455,5.2411,1
1.8002,-3.2475,-7,-1.7976,5.5318,0
-3.7874,0.43045,1.2355,10.247,7.7464,0
-0.42238,-12.83,-1.2856,5.1699,4.9102,1
4.4951,-2.0522,-4.1888,-5.5564,-6.8028,1
-1.8245,-1.4296,-3.3392,0.71027,3.429,0
-4.212,-6.129,-0.23987,-3.7919,-3.438,1
3.2097,-2.3847,5.6541,8.9966,6.9236,0
-3.5687,1.0411,0.37739,-0.69834,-0.18513,1
-6.6124,-7.9268,-2.9745,5.0478,4.515,0
2.6455,-6.8723,-1.983,-1.6647,1.429,0
5.7239,-5.7922,5.2313,5.224,1.2402,1
3.0205,0.62437,10.404,0.95172,-1.5566,0
-1.0193,-2.3699,-5.5501,5.7086,8.9111,1
9.8982,0.17889,-8.9534,2.3536,-7.9976,0
-3.2708,-5.3043,-8.1781,7.6063,-2.7246,0
1.7837,-3.5148,-0.49237,-3.1543,4.2818,0
0.47325,-2.0425,-7.0755,-3.1902,0.93769,0
3.94,-7.2895,-0.30304,0.66128,5.4236,1
4.9042,0.40155,-5.7184,-7.8682,3.3106,1
9.8933,-5.9179,0.18134,-0.71281,-5.9029,1
-2.581,-0.18787,2.019,5.6593,-2.0063,0
-0.66124,2.0831,-12.484,-0.75141,3.4714,1
-6.911,-0.21745,5.0676,-0.50033,1.298,0
-4.0013,2.5915,-0.86656,7.6983,1.2961,0
-1.6749,-4.9826,0.28302,6.4467,2.4668,0
-6.4019,-2.3927,-0.81764,5.4708,4.9521,1
-4.5979,-2.0763,4.6113,1.0907,0.83133,1
-0.72097,-7.5741,-2.2997,-1.0847,4.0668,0
-0.36602,0.80002,4.1939,6.4435,3.2306,0
-5.4206,3.0131,-1.3755,-1.2613,5.4596,0
-2.3339,-6.0644,7.3746,3.3641,5.0811,1
1.5136,-0.30362,-6.2534,-2.9976,-2.3049,0
-7.7252,-2.5143,2.671,6.7118,0.15199,1
0.59898,1.5802,6.3767,-7.8412,0.14995,0
2.9752,-1.4494,-4.8231,4.8075,-5.8461,1
-5.3441,1.4767,-0.11052,4.2504,3.06,1
2.2188,-1.4256,3.9285,12.402,-1.6908,0
-3.1736,-8.0248,-6.7487,-7.9302,-3.2589,0
-0.79916,0.38455,-2.49,-1.2771,9.3173,1
-2.4031,-0.74907,6.7277,-0.26122,5.9288,0
2.0092,-0.84956,0.38357,-0.68091,-6.4994,0
-0.029406,1.0938,11.047,1.3545,1.7429,0
6.4182,-0.34035,-1.0463,8.0601,-2.98,1
4.4992,-7.7046,-7.1101,-3.5139,3.3316,1
4.2712,6.2012,-5.6877,-0.35463,0.75339,1
-1.3006,2.3386,3.9274,0.63363,2.1558,1
-3.5402,-0.86408,6.4203,5.9066,3.611,1
-2.102,0.44384,-3.7748,-2.4653,-2.085,0
2.0381,-0.54391,-3.6245,3.727,1.72,0
-3.38,-4.2161,-5.1123,-4.8487,9.6136,0
0.89457,-12.739,2.6931,-2.6914,3.4834,0
-2.1978,-3.0182,2.3961,-2.0449,2.0351,1
-0.36259,-5.666,0.76546,-6.4581,4.5646,1
-3.3931,-0.22849,2.5747,1.7404,-7.3668,0
-3.2811,-3.4672,-4.5623,-0.63197,5.0619,0
6.3517,-7.4656,0.019982,2.678,3.1297,0
-1.063,2.3786,5.4721,3.6221,1.9327,1
-1.3,-0.29546,6.3411,7.068,-3.6279,0
-3.2898,9.7105,-3.7292,-7.941,3.8406,1
-4.1578,1.3502,2.5808,9.7314,4.5648,0
1.1354,-0.38868,-12.577,-3.842,-4.7689,0
3.8367,-4.4114,0.47751,5.0711,6.4203,1
7.2671,-0.85913,-0.73796,7.6483,12.125,0
-1.7469,2.6323,-4.2882,7.2324,-6.1412,1
-1.2727,-3.3656,0.74678,-1.3426,-7.0511,0
-4.7351,7.0193,1.7549,1.2728,1.9781,1
5.032,-7.6865,2.3261,1.3993,5.3081,1
2.4881,3.8974,3.4726,0.48805,-1.6768,1
-1.7335,3.4401,1.3196,-18.47,-0.6839,1
2.326,-9.7256,-10.182,-2.6563,0.31855,0
-2.3104,-4.0498,-0.58536,-2.1114,1.7842,0
-4.0412,-2.0531,0.30462,2.0015,1.0452,0
7.5219,-11.14,-5.887,3.3573,0.81676,0
-1.0172,5.5589,1.18,-5.3606,3.871,1
-3.0862,-1.3737,9.5408,-8.1591,-2.2703,0
-6.0826,-5.0046,-9.0168,-3.933,5.7769,1
1.5418,0.9101,-7.752,-0.69779,-3.2565,1
1.1348,-1.5394,-3.8276,1.8367,-5.9065,0
0.023985,1.2412,-4.433,-6.5497,9.5201,0
0.52726,-7.5052,3.9073,-2.6305,1.7494,0
-6.3575,-2.0864,-1.6878,12.973,7.2116,1
-0.093745,1.925,2.0494,1.7005,3.4484,0
-3.962,1.151,6.8861,8.7681,2.2472,0
0.28114,3.1882,-6.2659,4.4609,-4.2678,0
-6.3847,-5.4709,-3.8288,-3.4756,-4.6161,0
2.5964,-6.4961,4.8358,3.5282,4.9022,1
-5.582,-1.6329,9.4259,-4.1913,5.4181,0
-9.2603,-2.6676,-5.8336,-4.555,-1.3338,1
-9.2179,-2.4377,-0.97031,0.69646,8.5919,0
-6.7346,1.4644,-4.874,-2.341,6.7566,0
6.1955,-6.2183,-2.4997,4.6599,-2.9089,1
-2.9646,-4.5582,11.632,-0.66477,-2.7365,1
2.2797,-3.3491,5.3122,-4.2146,-4.3723,0
-3.5453,4.3376,-4.5429,-1.0858,-0.057583,1
-1.4414,-14.765,-0.38558,-2.9378,-3.3066,0
-4.6229,0.85915,10.757,-0.42785,2.614,0
-3.744,-2.522,-5.5574,-1.5246,1.1062,0
-9.2727,-3.6967,9.0677,2.7995,4.1973,1
3.5237,-0.43438,1.0469,2.5728,-2.5551,0
-8.058,-0.50521,-3.6502,-3.7056,2.1804,0
-1.1723,8.08,11.261,9.4531,-4.2492,0
0.31471,-0.23336,6.6595,4.8784,5.401,0
0.5254,-10.588,-2.6028,1.3874,4.7276,0
0.65526,-6.7455,-2.7719,-4.309,4.9763,1
3.796,-6.2319,3.326,1.9717,8.755,1
0.63543,-8.1765,3.1026,3.9473,1.6648,1
-2.2216,7.538,5.6625,-5.2002,8.5942,0
-1.1145,-6.5546,1.2614,9.9034,2.2446,0
3.7132,-13.414,-7.2512,0.34196,-6.1098,0
-6.3636,-8.7218,1.925,-3.7298,-1.3797,0
2.7564,-6.9432,-5.2876,-7.8528,0.83457,0
5.7842,-3.6949,-3.0713,2.226,1.5796,0
-3.3038,-1.8726,-3.5967,-1.6599,10.628,1
8.0666,-5.8468,-2.0015,3.9445,8.9115,1
-2.5636,-4.6459,1.4935,2.8368,4.2389,0
-2.3364,-3.6413,6.3314,-1.8071,7.7477,0
-0.68316,-5.9183,-3.7457,4.8113,10.564,0
-2.0199,6.7226,-0.17408,2.7662,4.0024,0
-2.0735,-3.7316,2.6985,6.6273,5.225,1
4.6095,-0.50007,1.6152,-1.6595,-7.0753,1
0.2979,0.22776,2.2815,-0.93141,7.5461,0
-2.4669,-3.6238,4.0299,-2.4076,4.5914,0
0.22236,1.9613,4.0358,2.3972,0.44723,1
-4.237,2.9954,12.59,-5.9656,5.8208,1
-1.8337,-0.74889,-1.3872,1.9549,-0.12969,0
3.2535,-3.9616,-10.412,4.3067,-0.55053,0
0.28929,-5.1094,7.085,6.2997,0.50637,0
-2.946,2.1007,5.9506,-0.51822,9.6356,0
-0.25448,5.5793,1.2722,-4.5761,8.8626,1
-4.0829,11.244,-5.01,-6.5408,1.5686,0
0.87649,4.2981,1.828,-6.768,3.3869,0
-4.0952,2.3492,5.6324,9.8694,1.7233,1
3.6732,-4.1341,-2.5879,-2.9915,-1.0353,0
2.7405,2.0019,-6.2176,-0.13393,-4.7281,1
-2.9894,-1.4037,-3.1623,2.982,-2.209,0
3.4802,7.3302,1.3431,2.8243,-1.1434,0
-2.982,1.9747,3.1749,0.0070836,7.5606,0
-0.59019,-9.4934,1.9605,6.8154,0.20459,0
0.68685,-4.3343,-1.1543,2.7272,2.567,0
-2.8448,-2.5269,2.3911,4.4276,9.0434,1
0.60777,0.96526,-1.2797,-8.5641,-3.1655,1
5.3403,-8.6179,-1.2154,-2.6848,1.6511,0
-7.1837,5.449,5.9525,-2.2199,-0.83698,0
0.49108,2.8631,3.2605,7.963,5.0325,1
-1.2566,-2.8024,-0.49857,3.2848,1.7335,0
0.25792,-9.4814,2.1427,8.2769,-1.6232,0
-0.17036,-2.4573,4.217,1.6712,5.7662,0
-7.2297,-1.1149,2.6477,0.58042,6.4599,0
-0.097775,3.7636,-4.1923,1.8026,6.4794,0
-2.3829,-6.6967,-3.2542,1.7207,4.2093,0
3.0639,1.8258,10.728,-5.021,2.708,1
-5.6122,4.0797,1.9397,4.1481,-6.6989,0
-5.0306,-2.5849,3.412,1.6644,6.6011,1
-3.044,-1.045,0.95738,4.6102,4.3582,1
0.61108,9.1451,-5.8167,7.0484,5.8161,1
2.0073,-2.0699,7.2,3.4917,-3.6854,0
-3.3683,-3.3779,-0.92159,-2.9142,2.7658,1
-3.7237,-1.0434,-1.7755,0.14866,3.0444,0
-2.9358,-5.4748,-2.041,7.8283,9.198,0
-2.5477,0.85854,3.533,-2.4696,6.4745,1
-5.8101,3.8789,2.9446,-0.32529,-2.6994,0
-3.378,-4.9977,-5.8985,-8.2857,0.85439,1
5.2245,-0.013722,6.2667,4.1476,0.24078,1
-2.3086,-1.3869,-0.86711,1.3626,-5.3642,0
2.9537,0.3281,-0.27482,0.039283,4.3578,0
3.314,-8.8487,-5.1453,-0.44431,-7.679,1
-1.3613,3.7104,0.49999,6.7983,0.85351,1
1.998,-2.1632,1.804,2.6161,4.5205,1
3.2457,1.5344,0.98493,1.2331,-0.13398,0
-5.3952,-2.8482,-0.33064,5.24,-6.3602,1
-0.55428,3.2031,-2.781,2.9379,-1.3568,1
-1.1432,-2.3131,-0.87532,4.5736,-2.9835,1
-3.3674,5.0902,2.2426,-1.2693,3.7166,0
1.7789,-5.9819,-0.42884,4.2814,-5.4872,1
-1.6269,-11.127,0.14698,-0.2066,-1.0564,1
-3.1625,-0.080461,-0.38837,-0.97958,1.8691,1
-9.3267,-4.9033,-0.38678,-3.2398,2.7519,1
-3.5701,-4.0033,-1.2182,-3.9399,6.4372,1
-1.4684,3.7192,6.6337,-2.6086,4.6115,0
